alice,admin_21,Alice,Wonderland,Students
bob,admin_21,Bob,Marley,Students
charlie,admin_21,Charlie,Sheen,Students
iosif,admin_21,Stalin,Thegreat,IT_Admins
karl,admin_21,Karl,Marx,IT_Admins
lenin,admin_21,Vladimir,Lenin,IT_Admins
vladimir,admin_21,Vladimir,Malakovsky,HR_Staff
techsupport,admin_21,Tech,Support,Tech_Support